sentence,siebert_sentiment,cardiff_sentiment,source
"As you're all aware, one of our deposits was stolen.",-0.9983682036399841,-0.6399131417274475,E&SE_Asian
"A relatively small amount, 68 million.",0.9762232303619385,0.0,E&SE_Asian
Thanks to Mr. Maroni's well-placed sources we know that police have indeed identified our banks using marked bills and are planning to seize your funds today.,-0.9974802136421204,0.0,E&SE_Asian
"And since the enthusiastic new D A has put all my competitors out of business Moving all deposits to one secure location, not a bank.",0.9888572096824646,-0.5579567551612854,E&SE_Asian
"Where, then?",-0.9938554167747498,0.0,E&SE_Asian
No one can know But me.,0.9877443909645081,0.0,E&SE_Asian
If the police were to gain leverage over one of you everyone's money would be at stake.,-0.9981169700622559,-0.7951003313064575,E&SE_Asian
"I go to Hong Kong, far from Dent's jurisdiction and the Chinese will not extradite one of their own.",-0.9963992834091187,-0.6188669204711914,E&SE_Asian
I already have.,0.9480775594711304,0.0,E&SE_Asian
"For obvious reasons, I couldn't wait for your permission.",0.9877985119819641,0.7486315965652466,E&SE_Asian
"Rest assured, your money is safe.",0.998506486415863,0.6388664245605469,E&SE_Asian
"Welcome to Hong Kong, Mr. Fox.",0.9985709190368652,0.7243086099624634,E&SE_Asian
Mr. Lau regrets he is unable to greet you in person today.,-0.9987187385559082,-0.7372220158576965,E&SE_Asian
"For security purposes, I'm gonna have to ask you to check in your mobile.",-0.9974243640899658,0.0,E&SE_Asian
I must apologize for leaving Gotham in the middle of our negotiations.,-0.9975085258483887,-0.6636779308319092,E&SE_Asian
This misunderstanding with the Gotham police force I couldn't let it threaten my company.,-0.9953696131706238,-0.847672164440155,E&SE_Asian
Of course.,0.9943476319313049,0.0,E&SE_Asian
"A businessman of your stature will understand and with you here now, we can continue.",0.9985829591751099,0.8137879967689514,E&SE_Asian
We do not allow cell phones in here.,-0.9982969164848328,0.0,E&SE_Asian
"I think, Mr. Fox, a simple phone call might have sufficed.",-0.9991451501846313,0.0,E&SE_Asian
Just accidentally wasting it.,-0.9994722008705139,-0.7755500078201294,E&SE_Asian
"Hey, sir.",0.995425283908844,0.0,E&SE_Asian
The money is the only reason I'm still alive.,0.9873111248016357,0.8576254844665527,E&SE_Asian
Wait!,-0.9949746131896973,0.5733382105827332,E&SE_Asian
"I won't give you the money but I will give you my clients, all of them.",-0.9978106617927551,0.0,E&SE_Asian
I'm good with calculation.,0.9982374906539917,0.7724056243896484,E&SE_Asian
I handled all their investments.,0.9981306195259094,0.0,E&SE_Asian
One big pot.,-0.9863165020942688,0.0,E&SE_Asian
Ledgers?,-0.9881266355514526,0.0,E&SE_Asian
"Immunity, protection a chartered plane back to Hong Kong.",0.9985098242759705,0.0,E&SE_Asian
"Like I said, I'm good with calculation.",0.9981729984283447,0.6235647201538086,E&SE_Asian
You can't protect me.,-0.9993439316749573,-0.8254013657569885,E&SE_Asian
You can't even protect yourselves.,-0.9994747042655945,-0.9075963497161865,E&SE_Asian
Shut up!,-0.9976329803466797,0.0,E&SE_Asian
Absolutely.,0.9985396862030029,0.0,E&SE_Asian
I'm next.,0.9922050833702087,0.0,E&SE_Asian
"May I finish my Shuhua milk, Donny?",0.995265007019043,0.0,E&SE_Asian
I know who you are!,0.9934146404266357,0.0,E&SE_Asian
Witwicky!,0.9915731549263,0.0,E&SE_Asian
Witwicky!,0.9915731549263,0.0,E&SE_Asian
You know who I'm talking to you!,0.9743536114692688,0.0,E&SE_Asian
"Wow, wow, wow, slow down, tiger.",0.9924408197402954,0.46401140093803406,E&SE_Asian
"You showed up in the backgroundof six different photos, two continents, with aliens.",-0.9983376264572144,0.0,E&SE_Asian
"That was you in Egypt, uh, right?",-0.9562835097312927,0.0,E&SE_Asian
Because you know the aliens.,0.9743086099624634,0.0,E&SE_Asian
See you!,0.9969326257705688,0.7397786974906921,E&SE_Asian
"Hi, I'm Wang.",0.997420072555542,0.0,E&SE_Asian
Deep Wang.,0.9977521300315857,0.0,E&SE_Asian
Deep Wang.,0.9977521300315857,0.0,E&SE_Asian
You're not getting it.,-0.9995003938674927,-0.6171959638595581,E&SE_Asian
Deep Throat.,-0.9942680597305298,0.0,E&SE_Asian
Watergate?,-0.9893286824226379,0.0,E&SE_Asian
I'm talking code to you.,0.9787635207176208,0.0,E&SE_Asian
Damn it.,-0.9914267063140869,-0.7195465564727783,E&SE_Asian
They watch and listen.,0.9987484216690063,0.0,E&SE_Asian
"I can't go to the government, but you can!",-0.9934240579605103,0.0,E&SE_Asian
"Because shit's going down, son!",-0.9846241474151611,-0.8878238201141357,E&SE_Asian
"It is Code Pink, as in Floyd!",-0.9858599305152893,0.0,E&SE_Asian
Dark Side!,-0.9704954028129578,0.0,E&SE_Asian
Why do you think no one's been up there since 1972?,-0.9946314096450806,0.0,E&SE_Asian
"I'm gonna hit you right back, son.",-0.9977359771728516,-0.6403120756149292,E&SE_Asian
It's my manifesto.,0.9943370223045349,0.0,E&SE_Asian
"They're whacking us out, everyone who knows what's on the dark Your alien friends is in danger.",-0.9898774027824402,-0.804141640663147,E&SE_Asian
"You know the good ones, it's up to you.",0.995834231376648,0.8550443053245544,E&SE_Asian
Calm down.,0.9938368201255798,0.0,E&SE_Asian
"Easy, Sam!",0.9966760873794556,0.5905811190605164,E&SE_Asian
What are you looking at?,-0.9988825917243958,0.0,E&SE_Asian
"Yo, dawg.",0.988314151763916,0.0,E&SE_Asian
Are you up in my shit?,-0.9989675283432007,0.0,E&SE_Asian
Who are you working for?,-0.9982307553291321,0.0,E&SE_Asian
"Staredown, you and me.",0.8698019981384277,0.0,E&SE_Asian
Guess I won.,0.9982088804244995,0.6902063488960266,E&SE_Asian
Whoa!,0.9947064518928528,0.5899792909622192,E&SE_Asian
Whoa!,0.9947064518928528,0.5899792909622192,E&SE_Asian
"We are not boyfriends, okay?",-0.9985313415527344,0.0,E&SE_Asian
One phone call from meand I'll have you fired.,-0.99945467710495,-0.8502123355865479,E&SE_Asian
"Oh, yes I will, Gaylord.",0.9967543482780457,0.6087667346000671,E&SE_Asian
Hemorrhoids!,-0.9926074743270874,0.0,E&SE_Asian
Come back when you learn some manners!,-0.9987730383872986,0.0,E&SE_Asian
I don't know him!,-0.9994755387306213,0.0,E&SE_Asian
I would never say anything!,-0.9991399049758911,0.0,E&SE_Asian
"Okay, okay!",-0.9906316995620728,0.6581649780273438,E&SE_Asian
"I sabotaged the mapping satellite, just like I promised, I can put a blind spot in the program as a bonus.",-0.998665452003479,-0.8767430186271667,E&SE_Asian
What more do you want from me?,0.9956201910972595,0.0,E&SE_Asian
I'll do whatever you want me to do.,-0.9831489324569702,0.0,E&SE_Asian
"Please, you don't have to suicide you.",-0.996767520904541,-0.6074055433273315,E&SE_Asian
Ah hah Shit!,-0.9943669438362122,-0.6533167362213135,E&SE_Asian
Huh?,-0.9992876648902893,0.0,E&SE_Asian
"Who wants some chick en dinner now, bitch?",-0.992033064365387,-0.8171001672744751,E&SE_Asian
'Cause somebody messed with the wrong Wang today!,-0.9994218349456787,-0.8311747312545776,E&SE_Asian
Come on!,-0.9915474057197571,0.6272926330566406,E&SE_Asian
You want some of me?,-0.9680957794189453,0.0,E&SE_Asian
"No no no no  ""Hello.""",-0.9962943196296692,0.0,E&SE_Asian
"Stinger, inspired by Bumblebee, but better in every way.",0.9985912442207336,0.8703626990318298,E&SE_Asian
Our Factory does not have enough transformium for production.,-0.9992048144340515,-0.6737505197525024,E&SE_Asian
Because you don't keep your promise to supply it.,-0.9995007514953613,-0.857764720916748,E&SE_Asian
"Our entire factory is up and running Mr. Joshua, I would not describe your product testing as perfected.",0.9864612221717834,0.4858756363391876,E&SE_Asian
Welcome to China.,0.9986514449119568,0.0,E&SE_Asian
"Absolutely, sir.",0.9984543323516846,0.7528406381607056,E&SE_Asian
I want security on high alert.,0.9955451488494873,0.0,E&SE_Asian
ALL OF THESE CARS ARE KSI's NEWEST CIVILIAN PROTOTYPE ROBOTS.,-0.9968295693397522,-0.8388557434082031,E&SE_Asian
What's going on?,-0.9980592131614685,0.0,E&SE_Asian
Your Galvatron has gone active.,0.9977432489395142,0.0,E&SE_Asian
What haven't you been telling me?,-0.9994300007820129,0.0,E&SE_Asian
Galvatron's hacked into the others.,-0.995337963104248,0.0,E&SE_Asian
I know how to lose them in Hong Kong.,-0.9972871541976929,-0.4995977580547333,E&SE_Asian
I know a military garrison there that will help us.,0.9868127703666687,0.0,E&SE_Asian
Bomb?,-0.9879470467567444,0.0,E&SE_Asian
Oh!,-0.9967926144599915,0.6412156224250793,E&SE_Asian
Is there a bomb in the bag?,-0.9982842803001404,-0.5215457677841187,E&SE_Asian
Shit.,-0.9978107810020447,-0.486476331949234,E&SE_Asian
"Hey, how much is the car?",0.986723005771637,0.0,E&SE_Asian
Buy your car!,0.9897127151489258,0.0,E&SE_Asian
Give you the money!,-0.9981780052185059,0.0,E&SE_Asian
I use cash!,-0.9957190155982971,0.0,E&SE_Asian
Shut up!,-0.9976329803466797,0.0,E&SE_Asian
Shut up!,-0.9976329803466797,0.0,E&SE_Asian
All right!,-0.987263023853302,0.676599383354187,E&SE_Asian
I'm sorry!,-0.9961562752723694,-0.6790163516998291,E&SE_Asian
I need a raise!,0.9879447221755981,0.566336452960968,E&SE_Asian
I want a raise.,0.9966268539428711,0.0,E&SE_Asian
"Hurry, hurry!",-0.8449255228042603,0.5922689437866211,E&SE_Asian
"Come, come.",0.9842350482940674,0.0,E&SE_Asian
We're going to get you to the roof.,-0.9587023258209229,0.0,E&SE_Asian
Go!,0.9970375299453735,0.6627885103225708,E&SE_Asian
Just stop it!,-0.9988589286804199,-0.8041381239891052,E&SE_Asian
What?,-0.9977466464042664,0.0,E&SE_Asian
You need to hide on the roof of this building.,-0.9934954643249512,-0.8720026612281799,E&SE_Asian
I'll get you a helicopter extraction.,-0.9822010397911072,0.0,E&SE_Asian
Hello.,0.9969931840896606,0.5524601936340332,E&SE_Asian
"Police training, prior to my MBA.",0.9947372078895569,0.0,E&SE_Asian
Get to the roof.,0.9976645708084106,0.0,E&SE_Asian
We've got to call the central government for help!,-0.9972756505012512,0.0,E&SE_Asian
Defense Minister There's  a crisis in HONG KONG!,-0.9951112866401672,-0.8599915504455566,E&SE_Asian
The central government will protect HONG KONG at all costs.,0.9973042011260986,0.0,E&SE_Asian
We have fighter jets on the way.,0.9915466904640198,0.0,E&SE_Asian
No.,-0.9983184337615967,0.0,E&SE_Asian
"Wrong again, Solo.",-0.9994745850563049,-0.8340064883232117,E&SE_Asian
It's over for you.,-0.9933306574821472,-0.5754637718200684,E&SE_Asian
"Goodbye, Solo.",-0.9971150159835815,0.0,E&SE_Asian
Twice Nowhere left to hide.,-0.9964450001716614,0.0,E&SE_Asian
Search the freighter.,-0.9942907094955444,0.0,E&SE_Asian
"Oh, Indominus wasn't bred.",-0.9986074566841125,0.0,E&SE_Asian
She was designed.,0.9952168464660645,0.0,E&SE_Asian
She will be 50 feet long when fully grown.,0.9805137515068054,0.0,E&SE_Asian
Bigger than the T. Rex.,0.9967545866966248,0.4911598861217499,E&SE_Asian
She already is.,0.9834334850311279,0.0,E&SE_Asian
Blood's not clotted yet.,0.9867318272590637,0.0,E&SE_Asian
It's close.,0.9943881630897522,0.0,E&SE_Asian
It can camouflage!,0.9978112578392029,0.0,E&SE_Asian
You know that I'm not at liberty to reveal the asset's genetic makeup.,-0.9968300461769104,0.0,E&SE_Asian
Modified animals are known to be unpredictable.,-0.9988316893577576,-0.6062353849411011,E&SE_Asian
That's unfortunate.,-0.9994544386863708,-0.850792646408081,E&SE_Asian
Cuttlefish genes were added to help her withstand an accelerated growth rate.,0.9971555471420288,0.0,E&SE_Asian
Cuttlefish have chromatophores that allow the skin to change color.,0.9954972267150879,0.0,E&SE_Asian
Really?,-0.9988127946853638,0.0,E&SE_Asian
Tree frogs can modulate their infrared output.,0.9952551126480103,0.0,E&SE_Asian
We used strands from their DNA to adapt her to a tropical climate.,0.9985877275466919,0.0,E&SE_Asian
But I never imagined You did.,0.9888822436332703,0.0,E&SE_Asian
"""Bigger.""",0.9837815761566162,0.0,E&SE_Asian
"""Scarier.""",0.986194372177124,0.0,E&SE_Asian
"""Cooler"" I believe is the word that you used in your memo.",0.9840739965438843,0.0,E&SE_Asian
You cannot have an animal with exaggerated predator features without the corresponding behavioral traits.,-0.9762187004089355,-0.5933070182800293,E&SE_Asian
All of this exists because of me.,-0.9798029065132141,-0.45554104447364807,E&SE_Asian
"If I don't innovate, somebody else will.",-0.9974341988563538,0.0,E&SE_Asian
You are acting like we are engaged in some kind of mad science.,-0.9994217157363892,-0.6735712289810181,E&SE_Asian
But we are doing what we have done from the beginning.,0.9974343180656433,0.0,E&SE_Asian
Nothing in Jurassic World is natural.,-0.9984632730484009,0.0,E&SE_Asian
We have always filled gaps in the genome with the DNA of other animals.,-0.984398365020752,0.0,E&SE_Asian
"And, if their genetic code was pure, many of them would look quite different.",-0.9366267323493958,-0.5476462244987488,E&SE_Asian
But you didn't ask for reality.,-0.999434769153595,-0.5030427575111389,E&SE_Asian
You asked for more teeth.,-0.9914442896842957,0.0,E&SE_Asian
"""Monster"" is a relative term.",-0.9868979454040527,0.0,E&SE_Asian
"To a canary, a cat is a monster.",-0.9937856197357178,-0.580662190914154,E&SE_Asian
We're just used to being the cat.,-0.9975437521934509,0.0,E&SE_Asian
Everything must be accounted for.,0.9972593784332275,0.0,E&SE_Asian
I want all backup generators online.,0.969481348991394,0.0,E&SE_Asian
Where have you been?,-0.9917178153991699,0.0,E&SE_Asian
The embryos are safe here.,0.9985938668251038,0.5461767911911011,E&SE_Asian
They can live up to eight weeks on the generators.,0.998065173625946,0.0,E&SE_Asian
Where's Hoskins?,-0.9874468445777893,0.0,E&SE_Asian
But our deal is still intact?,0.9960082769393921,0.0,E&SE_Asian
Are you ready?,0.9957689046859741,0.0,E&SE_Asian
I know you're ready!,0.9977424144744873,0.8060948252677917,E&SE_Asian
Go!,0.9970375299453735,0.6627885103225708,E&SE_Asian
There's no possibility of deterioration.,0.9985858201980591,0.0,E&SE_Asian
The nano-molecular functionality is instantaneous.,0.998457670211792,0.0,E&SE_Asian
His cells don't know they're bonding with simulacra.,-0.9986385703086853,0.0,E&SE_Asian
"If you brought him to my lab, the Regeneration Cradle could do this in 20 minutes.",0.9705519080162048,0.0,E&SE_Asian
"If you brought him to my lab, the Regeneration Cradle could do this in 20 minutes.",0.9705519080162048,0.0,E&SE_Asian
"You'll be made of you, Mr Barton.",-0.9935683608055115,0.7977995872497559,E&SE_Asian
Your own girlfriend won't be able to tell the difference.,-0.999152421951294,-0.6144086718559265,E&SE_Asian
That I can't fix.,-0.9994140863418579,-0.7943640947341919,E&SE_Asian
"This is the next thing, Tony.",0.9893110990524292,0.0,E&SE_Asian
Your clunky metal suits are gonna be left in the dust.,-0.9994847774505615,-0.8839481472969055,E&SE_Asian
"Unlike you, I don't have a lot of time for parties.",-0.9989720582962036,-0.4803524911403656,E&SE_Asian
Will Thor be there?,0.9911473393440247,0.0,E&SE_Asian
I don't understand.,-0.999491810798645,-0.6510589122772217,E&SE_Asian
You built this program.,0.9966762065887451,0.7671018242835999,E&SE_Asian
Why is it trying to kill us?,-0.9994381070137024,-0.9093056917190552,E&SE_Asian
Do you expect a thank-you note?,-0.9976882934570312,0.0,E&SE_Asian
The Cradle.,-0.9906636476516724,0.0,E&SE_Asian
The Regeneration Cradle prints tissue.,-0.9691820740699768,0.0,E&SE_Asian
It can't build a living body.,-0.9994995594024658,-0.8084484934806824,E&SE_Asian
It's beautiful.,0.9987543821334839,0.9513345956802368,E&SE_Asian
"The vibranium atoms aren't just compatible with the tissue cells, they're binding them.",0.998489260673523,0.0,E&SE_Asian
And S.H.I.E.L.D.,0.9850716590881348,0.0,E&SE_Asian
"never even thought to Cellular cohesion will take a few hours, but we can initiate the consciousness stream.",-0.9958707690238953,0.0,E&SE_Asian
We're uploading your cerebral matrix now.,0.9931651949882507,0.0,E&SE_Asian
I wouldn't call it dreams.,-0.9987353682518005,0.0,E&SE_Asian
It's Ultron's base consciousness.,-0.9927290081977844,0.0,E&SE_Asian
Informational noise.,0.9975516200065613,0.0,E&SE_Asian
Soon.,0.994330644607544,0.0,E&SE_Asian
We're imprinting a physical brain.,0.9836687445640564,0.0,E&SE_Asian
There are no shortcuts.,0.9916942715644836,0.0,E&SE_Asian
Even if your magic gem That's not a problem.,0.9964011907577515,0.0,E&SE_Asian
He's uploading himself into the body.,-0.9980729818344116,0.0,E&SE_Asian
The real power is inside the Cradle.,-0.9801892042160034,0.0,E&SE_Asian
"The gem, its power is uncontainable.",0.9986263513565063,0.889809787273407,E&SE_Asian
You can't just blow it up.,-0.9979975819587708,-0.7408885955810547,E&SE_Asian
You have to get the Cradle to Stark.,0.9844818115234375,0.0,E&SE_Asian
Go.,0.997086226940155,0.0,E&SE_Asian
Would you trade that necklace for a glimpse into your future?,0.8245160579681396,0.0,E&SE_Asian
I'm speaking to you.,0.994776725769043,0.0,E&SE_Asian
I'm Chirrut imwe.,0.9948282837867737,0.0,E&SE_Asian
"For that answer, you must pay.",-0.9992489218711853,0.0,E&SE_Asian
What do you know about kyber crystals?,-0.9699330925941467,0.0,E&SE_Asian
The strongest stars have hearts of kyber.,0.9952433705329895,0.6735177040100098,E&SE_Asian
Let them pass in peace.,0.9986166954040527,0.0,E&SE_Asian
Let them pass in peace.,0.9986166954040527,0.0,E&SE_Asian
The Force is with me.,0.9974115490913391,0.8311368823051453,E&SE_Asian
And I am with the Force.,0.9973644614219666,0.0,E&SE_Asian
And I fear nothing.,0.9984891414642334,0.0,E&SE_Asian
For all is as the Force wills it.,0.9948561191558838,0.0,E&SE_Asian
Is your foot all right?,0.9941360950469971,0.0,E&SE_Asian
You almost shot me.,-0.9994027614593506,-0.7463679313659668,E&SE_Asian
You're welcome.,0.9977020621299744,0.827883780002594,E&SE_Asian
There are no Jedi here anymore.,-0.9918493032455444,0.0,E&SE_Asian
Only dreamers like this fool.,0.9810065031051636,-0.9212544560432434,E&SE_Asian
The Force did protect me.,0.9968835711479187,0.5367319583892822,E&SE_Asian
I protected you.,0.9980884194374084,0.0,E&SE_Asian
Can't you see?,-0.9949414134025574,0.0,E&SE_Asian
We are no friends of the Empire.,-0.9990143775939941,-0.7980307340621948,E&SE_Asian
Are you kidding me?,-0.9983944296836853,-0.6242272853851318,E&SE_Asian
I'm blind.,-0.998428225517273,0.0,E&SE_Asian
He's praying for the door to open.,0.9914615154266357,0.0,E&SE_Asian
It bothers him because he knows it's possible.,-0.9946004152297974,-0.653343677520752,E&SE_Asian
Baze Malbus was once the most devoted Guardian of us all.,0.9904611706733704,0.6597210168838501,E&SE_Asian
"Relax, Captain.",0.9962126016616821,0.0,E&SE_Asian
We've been in worse cages than this one.,-0.9994885921478271,-0.9338197112083435,E&SE_Asian
"There is more than one sort of prison, Captain.",-0.9774439930915833,0.0,E&SE_Asian
I sense that you carry yours wherever you go.,0.9984009861946106,0.0,E&SE_Asian
Who's the one in the next cell?,-0.9913930892944336,0.0,E&SE_Asian
What?,-0.9977466464042664,0.0,E&SE_Asian
Where?,-0.9788678884506226,0.0,E&SE_Asian
An Imperial pilot.,-0.9348963499069214,0.0,E&SE_Asian
Pilot?,-0.9915487170219421,0.0,E&SE_Asian
I'm gonna kill him!,-0.9974129796028137,-0.8914438486099243,E&SE_Asian
"No, no.",-0.9985758066177368,0.0,E&SE_Asian
"No, wait!",-0.9907854795455933,0.0,E&SE_Asian
Come here!,0.9856218695640564,0.597057044506073,E&SE_Asian
Pilot?,-0.9915487170219421,0.0,E&SE_Asian
What's wrong with him?,-0.9986833930015564,-0.8740099668502808,E&SE_Asian
Where are you going?,-0.9929994344711304,0.0,E&SE_Asian
All right.,-0.9889784455299377,0.0,E&SE_Asian
I'll get the pilot.,-0.9920864701271057,0.0,E&SE_Asian
Pilot.,0.9791316986083984,0.0,E&SE_Asian
Let's go.,0.9987189769744873,0.0,E&SE_Asian
"Chirrut, let's go!",0.998475968837738,0.7379807233810425,E&SE_Asian
Seems pretty late to me.,-0.9992102384567261,-0.6112369894981384,E&SE_Asian
What kind of trap?,-0.9975208640098572,0.0,E&SE_Asian
You said your father made a trap.,-0.9993674159049988,-0.6560161709785461,E&SE_Asian
Does he look like a killer?,-0.9993971586227417,-0.8522552847862244,E&SE_Asian
No.,-0.9983184337615967,0.0,E&SE_Asian
He has the face of a friend.,-0.9905569553375244,0.0,E&SE_Asian
Captain Andor.,0.9942724704742432,0.0,E&SE_Asian
The Force moves darkly near a creature that's about to kill.,-0.8780906200408936,-0.6953660845756531,E&SE_Asian
Where are you going?,-0.9929994344711304,0.0,E&SE_Asian
I'm gonna follow Jyn.,0.9973133206367493,0.0,E&SE_Asian
Her path is clear.,0.9984614849090576,0.6563705801963806,E&SE_Asian
Alone?,-0.9963523149490356,0.0,E&SE_Asian
Good luck!,0.9986029267311096,0.9607799053192139,E&SE_Asian
I don't need luck.,0.9890767335891724,0.0,E&SE_Asian
I have you!,0.997991681098938,0.7908218502998352,E&SE_Asian
Yavin 4.,0.9979062080383301,0.0,E&SE_Asian
Make sure they know we're coming in with a stolen ship.,-0.9994010925292969,-0.6259263753890991,E&SE_Asian
You don't look happy.,-0.9994939565658569,-0.7981461882591248,E&SE_Asian
And you?,-0.9963032007217407,0.0,E&SE_Asian
She wants to fight.,0.9982491731643677,0.0,E&SE_Asian
The Force is strong.,0.99748295545578,0.8303030133247375,E&SE_Asian
How many do we need?,0.9892200827598572,0.0,E&SE_Asian
Baze!,0.9953891038894653,0.5303398370742798,E&SE_Asian
Baze!,0.9953891038894653,0.5303398370742798,E&SE_Asian
What?,-0.9977466464042664,0.0,E&SE_Asian
What?,-0.9977466464042664,0.0,E&SE_Asian
Run!,0.9916811585426331,0.6134929656982422,E&SE_Asian
Chirrut!,0.9971193075180054,0.0,E&SE_Asian
Come back!,0.9983038902282715,0.5256171822547913,E&SE_Asian
I'm one with the Force Chirrut!,0.9967652559280396,0.5855501294136047,E&SE_Asian
Come!,0.9897017478942871,0.5973742604255676,E&SE_Asian
Come with me!,0.9964991807937622,0.5346909761428833,E&SE_Asian
Don't go.,-0.9990003705024719,0.0,E&SE_Asian
Don't go.,-0.9990003705024719,0.0,E&SE_Asian
"I'm here, I'm here.",0.997288703918457,0.0,E&SE_Asian
It's okay.,0.9124621152877808,0.5303143858909607,E&SE_Asian
It's okay.,0.9124621152877808,0.5303143858909607,E&SE_Asian
Look for the Force.,-0.9890894293785095,0.0,E&SE_Asian
Chirrut.,0.9910141825675964,0.0,E&SE_Asian
And you will always find me.,0.998422384262085,0.848235011100769,E&SE_Asian
Forty seconds to full charge.,0.9954362511634827,0.0,E&SE_Asian
Nix!,-0.9983330368995667,0.0,E&SE_Asian
What are you doing here?,-0.9992607235908508,0.0,E&SE_Asian
You're Finn!,0.9960156083106995,0.6573676466941833,E&SE_Asian
The Finn!,0.9978671073913574,0.6392553448677063,E&SE_Asian
I work behind pipes all day.,-0.9922617673873901,0.0,E&SE_Asian
Doing talking with Resistance heroes is not my forte.,-0.9994199275970459,-0.6206300258636475,E&SE_Asian
Doing Doing talking.,0.9951611161231995,0.0,E&SE_Asian
I'm Rose.,0.9916394352912903,0.0,E&SE_Asian
Okay.Yeah.,-0.9862160682678223,0.0,E&SE_Asian
Wow.,0.9973843693733215,0.679566502571106,E&SE_Asian
"You, too.",0.9949504137039185,0.0,E&SE_Asian
Okay.,-0.9920910596847534,0.0,E&SE_Asian
But you are a hero.,0.9946212768554688,0.8428465127944946,E&SE_Asian
"You left the First Order, what you did on the Starkiller Base When we heard about it, my sister Paige said, ""Rose, that's a real hero.""",0.9980548620223999,0.0,E&SE_Asian
"""Know right from wrong"" ""And don't run away when it gets hard,"" She said.",0.9984176158905029,0.0,E&SE_Asian
"You know Just this morning, I've had to stun three people trying to jump ship in this escape pod.",-0.9982277750968933,0.0,E&SE_Asian
What?,-0.9977466464042664,0.0,E&SE_Asian
They were running away.,-0.9966484904289246,0.0,E&SE_Asian
I know.,-0.9771734476089478,0.0,E&SE_Asian
What were you doing?,-0.9983931183815002,0.0,E&SE_Asian
Checking the escape pods.,0.9944624304771423,0.0,E&SE_Asian
By boarding one with a packed bag.,0.9467198252677917,0.0,E&SE_Asian
I'm taking you to the brig and turning you in for desertion.,-0.9993661046028137,-0.8380877375602722,E&SE_Asian
My sister just died protecting the fleet.,-0.9941363334655762,-0.8014747500419617,E&SE_Asian
And you were running away.,-0.9949831962585449,-0.49529966711997986,E&SE_Asian
You're a selfish traitor.,-0.9994468092918396,-0.9297654628753662,E&SE_Asian
We can jump to lightspeed!,0.9958611130714417,0.7991247177124023,E&SE_Asian
They can track us through lightspeed?,0.992597222328186,0.0,E&SE_Asian
They can track us through lightspeed.,0.9963699579238892,0.0,E&SE_Asian
Active tracking.,0.998565137386322,0.0,E&SE_Asian
Hyperspace tracking is new tech but the principle must be the same as any active tracker.,0.9939066767692566,0.0,E&SE_Asian
They're only tracking us.,-0.999273955821991,0.0,E&SE_Asian
Only tracking us from the lead ship.,-0.9956386685371399,0.0,E&SE_Asian
But we can't get to the tracker.,-0.9993366599082947,-0.6137919425964355,E&SE_Asian
"It's an A-class process, they'll control it from the main bridge.",0.9988225102424622,0.0,E&SE_Asian
has a dedicated power breaker.,0.9946611523628235,0.0,E&SE_Asian
"But Wait, but who knows where the breaker room is on a Star Destroyer?",-0.9946776628494263,0.0,E&SE_Asian
I can shut their tracker down.,-0.9981073141098022,0.0,E&SE_Asian
But if we can They won't realize it's off for one system cycle.,-0.9971590042114258,0.0,E&SE_Asian
About six minutes.,-0.9980574250221252,0.0,E&SE_Asian
Just luck.,-0.993087112903595,0.0,E&SE_Asian
Not sure yet.,-0.9963786005973816,0.0,E&SE_Asian
We steal clearance codes.,-0.9993335604667664,-0.5845911502838135,E&SE_Asian
Okay.,-0.9920910596847534,0.0,E&SE_Asian
"We get in, we find this codebreaker, we get out.",0.9955666661262512,0.0,E&SE_Asian
From stories.,0.9954341053962708,0.0,E&SE_Asian
It's a terrible place filled with the worst people in the galaxy.,-0.9994761347770691,-0.948736310005188,E&SE_Asian
Okay.,-0.9920910596847534,0.0,E&SE_Asian
Maz said this Master Codebreaker would have a red plom bloom on his lapel.,0.9893240332603455,0.0,E&SE_Asian
Let's find him and get out of here.,-0.9950862526893616,-0.6500397324562073,E&SE_Asian
Come on!,-0.9915474057197571,0.6272926330566406,E&SE_Asian
Were those what I think they were?,-0.9854353666305542,0.0,E&SE_Asian
Fathiers.,0.9897144436836243,0.0,E&SE_Asian
I've never seen a real one.,-0.9985902905464172,-0.5220321416854858,E&SE_Asian
Look closer.,0.9911579489707947,0.0,E&SE_Asian
My sister and I grew up in a poor mining system.,-0.9903503060340881,-0.813961923122406,E&SE_Asian
The First Order stripped our ore to finance their military then shelled us to test their weapons.,-0.9983035326004028,-0.7324061989784241,E&SE_Asian
They took everything we had.,-0.9971824884414673,-0.8996607661247253,E&SE_Asian
And who do you think these people are?,-0.9994170665740967,-0.7113052010536194,E&SE_Asian
There's only one business in the galaxy that'll get you this rich.,0.9963913559913635,0.45988985896110535,E&SE_Asian
Selling weapons to the First Order.,-0.9933307766914368,0.0,E&SE_Asian
"I wish I could put my fist through this whole lousy, beautiful town.",-0.9994576573371887,-0.9449065327644348,E&SE_Asian
Red plom bloom!,0.997527539730072,0.8375651836395264,E&SE_Asian
The Master Codebreaker!,0.996451735496521,0.6620018482208252,E&SE_Asian
"Finn, the fleet is running on fumes.",-0.9991616010665894,-0.7071155309677124,E&SE_Asian
Without a codebreaker to break us onto Snoke's Star Destroyer What do we do?,-0.9976907968521118,0.0,E&SE_Asian
"Um, I can do it.",0.9977947473526001,0.6206921339035034,E&SE_Asian
What?,-0.9977466464042664,0.0,E&SE_Asian
What?,-0.9977466464042664,0.0,E&SE_Asian
No.,-0.9983184337615967,0.0,E&SE_Asian
We're We got it covered.,0.9979939460754395,0.7962114810943604,E&SE_Asian
We gotta get out of here!,-0.9970300197601318,-0.4758991003036499,E&SE_Asian
This way!,0.9328030347824097,0.0,E&SE_Asian
"No, wait.",-0.9952327609062195,0.0,E&SE_Asian
"Please, don't!",-0.9984191656112671,-0.6763908863067627,E&SE_Asian
We're with the Resistance.,-0.9903594255447388,0.0,E&SE_Asian
"Move, move, move!",0.9956794381141663,0.0,E&SE_Asian
Get out of the way!,-0.9987088441848755,0.0,E&SE_Asian
We're trapped.,-0.9992425441741943,-0.5122596025466919,E&SE_Asian
Go.,0.997086226940155,0.0,E&SE_Asian
Now it's worth it.,0.9988478422164917,0.7938105463981628,E&SE_Asian
I just hope we're in time.,0.9982032775878906,0.48446279764175415,E&SE_Asian
"You can actually do this, right?",0.593414843082428,0.6266195774078369,E&SE_Asian
"Once we're done, the Resistance will give you whatever you want.",-0.9951536655426025,0.0,E&SE_Asian
Do it.,0.9986886382102966,0.0,E&SE_Asian
Good time to figure out how we get back to the fleet?,0.9906628131866455,0.0,E&SE_Asian
Course you do.,0.9934137463569641,0.0,E&SE_Asian
We're running out of time.,-0.9963285326957703,-0.6269149780273438,E&SE_Asian
You lying snake.,-0.9990367889404297,-0.917988657951355,E&SE_Asian
No.,-0.9983184337615967,0.0,E&SE_Asian
No!,-0.9966511130332947,0.0,E&SE_Asian
Finn!,0.9960200190544128,0.0,E&SE_Asian
There's a shuttle back that way!,0.9951294660568237,0.0,E&SE_Asian
We gotta go!,0.9907566905021667,0.5629488825798035,E&SE_Asian
Finn!,0.9960200190544128,0.0,E&SE_Asian
No!,-0.9966511130332947,0.0,E&SE_Asian
Hey!,0.9974708557128906,0.7106276154518127,E&SE_Asian
Need a lift?,-0.9740902185440063,0.0,E&SE_Asian
Is this all that's left?,-0.9972438812255859,-0.5209990739822388,E&SE_Asian
"Rotting munitions, rusted artillery, some half-gutted skim speeders.",-0.9985939860343933,-0.7941752076148987,E&SE_Asian
"There has to be a back way out of here, right?",-0.998807430267334,0.0,E&SE_Asian
Engage your mono-ski.,-0.9857412576675415,0.0,E&SE_Asian
The green toggle.,-0.9796373248100281,0.0,E&SE_Asian
I can't lose 'em!,0.9979990124702454,0.0,E&SE_Asian
There it is!,0.9952502250671387,0.8144288063049316,E&SE_Asian
That is a big gun.,-0.9879756569862366,0.0,E&SE_Asian
Finn?,-0.9443269371986389,0.0,E&SE_Asian
It's too late!,-0.9979550838470459,-0.7435895800590515,E&SE_Asian
Don't do this!,-0.9994441866874695,-0.8781847953796387,E&SE_Asian
No!,-0.9966511130332947,0.0,E&SE_Asian
"Finn, listen to Poe!",0.8238754868507385,0.0,E&SE_Asian
We have to retreat!,0.9907271862030029,0.0,E&SE_Asian
"I saved you, dummy.",-0.9171006679534912,0.0,E&SE_Asian
That's how we're gonna win.,0.9981254935264587,0.8187900185585022,E&SE_Asian
"Not fighting what we hate, saving what we love.",0.9985432624816895,0.0,E&SE_Asian
Attachment to the material is detachment from the spiritual.,-0.9983622431755066,0.0,E&SE_Asian
Oh.,-0.995776355266571,0.0,E&SE_Asian
Wait.,-0.9978572726249695,0.0,E&SE_Asian
wait.,-0.9990115165710449,0.0,E&SE_Asian
wait.,-0.9990115165710449,0.0,E&SE_Asian
I think I have 200.,0.9941059350967407,0.0,E&SE_Asian
Rupees.,-0.9882526993751526,0.0,E&SE_Asian
Which is?,0.9508758783340454,0.0,E&SE_Asian
Uh.,-0.9980962872505188,0.0,E&SE_Asian
buck and a half.,-0.9844940304756165,0.0,E&SE_Asian
I wouldn't say no to a tuna melt.,0.9986316561698914,0.0,E&SE_Asian
At the dawn of the universe.,0.9963842630386353,0.0,E&SE_Asian
there was nothing.,-0.9992972612380981,0.0,E&SE_Asian
Then Boom.,0.9929488897323608,0.5023879408836365,E&SE_Asian
The Big Bang sent six elemental crystals hurtling across the virgin universe.,0.9810376763343811,0.0,E&SE_Asian
These Infinity Stones each control an essential aspect of existence.,0.9981695413589478,0.0,E&SE_Asian
We swore an oath to protect the Time Stone with our lives.,0.9978417158126831,0.0,E&SE_Asian
A Hunk of Hulk of Burning Fudge is our favorite.,0.9979367256164551,0.7997031211853027,E&SE_Asian
Holy shit.,0.8698631525039673,-0.4810740351676941,E&SE_Asian
We're all gonna die!,-0.9918169379234314,-0.9123889207839966,E&SE_Asian
There's a spaceship!,0.9913462996482849,0.6612510085105896,E&SE_Asian
I have him.,0.9988133907318115,0.0,E&SE_Asian
Damn it.,-0.9914267063140869,-0.7195465564727783,E&SE_Asian
The Time Stone's been taken.,0.9674651622772217,0.0,E&SE_Asian
The Sanctum remains unguarded.,0.979377031326294,0.0,E&SE_Asian
What will you do?,-0.9972499012947083,0.0,E&SE_Asian
We are arriving.,0.9962334036827087,0.0,E&SE_Asian
What happened?,-0.9987375140190125,0.0,E&SE_Asian
He is anxious.,-0.9984265565872192,0.0,E&SE_Asian
angry.,-0.9985785484313965,-0.6575367450714111,E&SE_Asian
He feels tremendous loss and guilt.,-0.9984098672866821,-0.8623956441879272,E&SE_Asian
Wake.,0.9944788217544556,0.0,E&SE_Asian
He just did it again!,0.9965415596961975,0.47068023681640625,E&SE_Asian
He must be going somewhere.,-0.9952836632728577,0.0,E&SE_Asian
Like Kevin Bacon?,0.9982105493545532,0.0,E&SE_Asian
Hi.,0.9970543384552002,0.0,E&SE_Asian
Drax.,0.9792760610580444,0.0,E&SE_Asian
Sleep.,0.9953162670135498,0.0,E&SE_Asian
No.,-0.9983184337615967,0.0,E&SE_Asian
he can't take it!,-0.9990804195404053,-0.6685816645622253,E&SE_Asian
You're the ones Thor told us about.,0.992087185382843,0.0,E&SE_Asian
Kick names.,0.970890462398529,0.0,E&SE_Asian
take ass.,0.9961586594581604,0.0,E&SE_Asian
Excuse me.,-0.9802263975143433,0.0,E&SE_Asian
But does your friend often do that?,-0.99302738904953,0.0,E&SE_Asian
You're sure she'll live?,0.9805060625076294,0.0,E&SE_Asian
"No, no, no.",-0.9988892674446106,-0.48954933881759644,E&SE_Asian
That's not good enough.,-0.9990279674530029,-0.8842074871063232,E&SE_Asian
The raptor is a behavioral specimen.,0.9986006617546082,0.0,E&SE_Asian
We need her in good health.,0.9987033605575562,0.6395469903945923,E&SE_Asian
You don't have the faintest comprehension of what I'm doing here.,-0.9994916915893555,-0.7241984605789185,E&SE_Asian
Do you understand the complexity of creating an entirely new life-form?,0.9825968146324158,0.0,E&SE_Asian
All your money will have been wasted if I don't get Blue here in good health.,-0.9853969216346741,-0.6284069418907166,E&SE_Asian
"To get the next iteration under control, it needs to form a familial bond with a closely-related genetic link.",0.9973462820053101,0.0,E&SE_Asian
It needs a mother!,-0.99543297290802,0.0,E&SE_Asian
Blue's DNA will be part of the next Indoraptor's makeup.,0.993682861328125,0.0,E&SE_Asian
So it will be genetically coded to recognize her authority and assume her traits.,-0.9901164174079895,0.0,E&SE_Asian
"Empathy, obedience everything the prototype you have now is missing.",-0.9995046854019165,0.0,E&SE_Asian
"It's not a sprint, Mr. Mills.",-0.9907035827636719,0.0,E&SE_Asian
It's a marathon.,0.9924477338790894,0.0,E&SE_Asian
"You have to understand, this is all uncharted territory.",-0.9968634843826294,0.0,E&SE_Asian
"A wolf, genetically, is barely distinguishable from a bulldog, but within that gray area is art.",-0.986997127532959,0.0,E&SE_Asian
"Yes, I can do it.",0.9977534413337708,0.9213752746582031,E&SE_Asian
Thank you.,0.9987629652023315,0.8344851136207581,E&SE_Asian
What are you doing?,-0.999152421951294,0.0,E&SE_Asian
This animal is not for sale.,0.9725950360298157,0.0,E&SE_Asian
He's a prototype.,-0.9976755976676941,-0.6152318120002747,E&SE_Asian
So will they.,0.9965466856956482,0.0,E&SE_Asian
Get this to Mills.,0.9946909546852112,0.0,E&SE_Asian
Be very careful it's extremely valuable.,-0.9928069114685059,0.6319206357002258,E&SE_Asian
You I need blood samples from the raptor.,-0.9841843843460083,0.0,E&SE_Asian
Don't just stand there like an idiot!,-0.9988839030265808,-0.8563068509101868,E&SE_Asian
Get me 50cc's carfentanil and a phlebotomy kit!,-0.9844591617584229,0.0,E&SE_Asian
It's right there!,0.9953259229660034,0.7278533577919006,E&SE_Asian
Now!,0.9923404455184937,0.0,E&SE_Asian
"Come on, come on.",-0.9751739501953125,0.0,E&SE_Asian
I need this raptor's blood.,0.9889141917228699,-0.6457489132881165,E&SE_Asian
Oh!,-0.9967926144599915,0.6412156224250793,E&SE_Asian
For God Where is that kit?!,-0.9934186935424805,-0.7348607778549194,E&SE_Asian
"Okay, now, listen to me.",-0.9952633380889893,0.0,E&SE_Asian
It is better for you to cooperate.,0.9943080544471741,0.0,E&SE_Asian
"I'm gonna get this blood, with or without your help.",0.9910735487937927,-0.6875208616256714,E&SE_Asian
I designed this animal myself.,0.9981192946434021,0.0,E&SE_Asian
It's pure.,0.998177170753479,0.7928547859191895,E&SE_Asian
"Every cell of her body was created in the most controlled environment, under the most demanding of conditions.",0.9985145926475525,0.0,E&SE_Asian
You what?,-0.9953416585922241,0.0,E&SE_Asian
No.,-0.9983184337615967,0.0,E&SE_Asian
This was no natural disaster.,-0.9982019662857056,-0.5775625705718994,E&SE_Asian
They threw out our garbage and our warships.,-0.9992331266403198,-0.84158855676651,E&SE_Asian
This was our first contact with the people of Atlantis.,0.9941343665122986,0.0,E&SE_Asian
Open your eyes.,0.9938082098960876,0.0,E&SE_Asian
"We already have an Atlantean living among us, and his name is Aquaman.",0.9880391955375671,0.0,E&SE_Asian
Your Highness.,0.9901033639907837,0.0,E&SE_Asian
"The tracker places Princess Mera here, in the Deserter Kingdom.",0.9925001263618469,0.0,E&SE_Asian
"I spent 15 years at the United States Institute of Marine Science  studying oceanic phenomenon, and this is the most conclusive evidence we have to date.",0.9985004663467407,0.8567980527877808,E&SE_Asian
Deep-sea seismographs have recorded explosions on the ocean floor.,-0.9027001857757568,0.0,E&SE_Asian
We have satellite imagery of debris from Atlantean warships floating on the surface Will you please let me finish?,0.9870774745941162,0.0,E&SE_Asian
Yes.,0.9981922507286072,0.0,E&SE_Asian
"The government does not want us to know about the threat that exists right here This is Atlantean technology, isn't it?",-0.9902946949005127,-0.7880138754844666,E&SE_Asian
Can you tell me how you got this?,-0.9948912858963013,0.0,E&SE_Asian
Why you do this?,-0.999377429485321,-0.7944751977920532,E&SE_Asian
We never messed with you.,-0.9972176551818848,0.0,E&SE_Asian
We hurt people?,-0.9939756989479065,-0.7454454302787781,E&SE_Asian
You crazy!,-0.9979671835899353,-0.45478788018226624,E&SE_Asian
wait!,-0.9968817234039307,0.5717034935951233,E&SE_Asian
Help me!,-0.9897351264953613,0.0,E&SE_Asian
I can give you everthing.,0.9831445217132568,0.7988371253013611,E&SE_Asian
what do you want?,-0.9502090811729431,0.0,E&SE_Asian
What?,-0.9977466464042664,0.0,E&SE_Asian
You wanted more?,0.9955254197120667,0.0,E&SE_Asian
Oh.,-0.995776355266571,0.0,E&SE_Asian
yes!,0.9983124732971191,0.7489057183265686,E&SE_Asian
Please.,0.9959459900856018,0.0,E&SE_Asian
use knives.,0.9902106523513794,0.0,E&SE_Asian
Okay.,-0.9920910596847534,0.0,E&SE_Asian
Okay.,-0.9920910596847534,0.0,E&SE_Asian
True.,0.9961090683937073,0.0,E&SE_Asian
The murder.,-0.9919664859771729,-0.720496654510498,E&SE_Asian
"Oh, don't forget step seven.",0.9953113198280334,0.0,E&SE_Asian
Don't do any of that.,-0.9990295171737671,-0.7366663217544556,E&SE_Asian
"Because, we're gonna be bachelors in Europe, Peter.",0.9952672719955444,0.0,E&SE_Asian
"I may not know much, but I do know this: Europeans love Americans.",0.9956965446472168,0.6968567967414856,E&SE_Asian
Really?,-0.9988127946853638,0.0,E&SE_Asian
More than half are women.,0.9909442663192749,0.0,E&SE_Asian
"Yeah, and Peter's plan.",0.9935412406921387,0.0,E&SE_Asian
He's He's just gonna collect tiny spoons when we're traveling to other countries.,-0.9981144666671753,0.0,E&SE_Asian
"Dude, I think that went really great.",0.9987512826919556,0.9843458533287048,E&SE_Asian
Yeah!,0.9975451827049255,0.8763426542282104,E&SE_Asian
"Classic MJ, right?",0.9979851245880127,0.0,E&SE_Asian
It It's so weird.,-0.998140811920166,-0.8635027408599854,E&SE_Asian
"Like, one day, he's that kid who cried and got nosebleeds all the time, and suddenly, we Blip back, and he's totally ripped and super nice and all these girls are after him.",0.9969600439071655,0.0,E&SE_Asian
"No, man, they're all after him.",-0.9976315498352051,0.0,E&SE_Asian
"Anyway, on to more important things.",-0.9941293001174927,0.0,E&SE_Asian
It's a nine-hour flight.,-0.9989860653877258,0.0,E&SE_Asian
We can play Beast Slayers the whole time.,0.993129312992096,0.0,E&SE_Asian
Seriously?,-0.9986119270324707,0.0,E&SE_Asian
What about our plan?,-0.9963357448577881,0.0,E&SE_Asian
American bachelors in Europe.,0.9966481328010559,0.0,E&SE_Asian
Guys.,0.9866112470626831,0.0,E&SE_Asian
"There's an old lady sitting in front of us wearing a crazy amount of perfume, and it's kind of setting off Peter's allergies.",-0.9986306428909302,-0.6208586692810059,E&SE_Asian
"You know, Betty, if you could just switch seats with him, that would be Yeah, yeah, because, um, it It makes his eyes water, and he can't really  So did you wanna play Beast Slayer?",-0.998060405254364,0.0,E&SE_Asian
Have you ever played any kind of PC game or?,-0.9987747073173523,0.0,E&SE_Asian
No.,-0.9983184337615967,0.0,E&SE_Asian
Got it.,0.9981051683425903,0.0,E&SE_Asian
I got a dual headphone adapter if you wanna watch a movie.,0.9850370287895203,0.0,E&SE_Asian
"Dude, don't worry, okay?",0.9742028117179871,0.0,E&SE_Asian
I'm sure that's nothing.,-0.9938879609107971,0.0,E&SE_Asian
"Yeah, of course.",0.9962183833122253,0.0,E&SE_Asian
Thanks.,0.998556911945343,0.7302910685539246,E&SE_Asian
"Well, we acutally got to talking on the plane, and it turns out, we have a lot in common.",0.9986435770988464,0.8908000588417053,E&SE_Asian
"So, uh, we're boyfriend and girlfriend now.",0.9967017769813538,0.0,E&SE_Asian
"Peter, those were the words of a boy.",-0.9881646633148193,0.0,E&SE_Asian
And that boy met a woman.,0.9982287287712097,0.0,E&SE_Asian
A very strong and powerful woman.,0.99873286485672,0.9594206213951111,E&SE_Asian
"And now, that boy's a man.",0.9986575841903687,0.0,E&SE_Asian
Babe?,0.9943196773529053,0.0,E&SE_Asian
"Coming, babe.",0.9944149255752563,0.5538104772567749,E&SE_Asian
What is that?,-0.9980395436286926,0.0,E&SE_Asian
What'll you do?,-0.9946703314781189,0.0,E&SE_Asian
It's aliens.,-0.9966216087341309,0.0,E&SE_Asian
It has to be.,0.9968942403793335,0.0,E&SE_Asian
Sounds like his name's Mysterio.,-0.9861278533935547,0.0,E&SE_Asian
Mysterio.,0.9946870803833008,0.0,E&SE_Asian
Cool name.,0.9981886744499207,0.9124126434326172,E&SE_Asian
Babe.,0.9928696751594543,0.0,E&SE_Asian
What are you gonna do about the water monster?,-0.9974039196968079,-0.7508581280708313,E&SE_Asian
That's nice.,0.9980176687240601,0.9555894732475281,E&SE_Asian
Reminds me of when Betty and I first fell in love.,0.9985249638557434,0.5812315344810486,E&SE_Asian
"I had just finished my fruit cobbler, and Oh, dude, I'm fine.",0.994802713394165,0.8846261501312256,E&SE_Asian
"Seriously, getting tranq'd in the neck by Nick Fury, probably the coolest thing ever happen to me anyway.",0.9973838925361633,0.9224184155464172,E&SE_Asian
"Peter, what?",-0.9991334080696106,0.0,E&SE_Asian
What's going on?,-0.9980592131614685,0.0,E&SE_Asian
Awesome.,0.9986034035682678,0.9535716772079468,E&SE_Asian
"Hey, man.",0.9966013431549072,0.0,E&SE_Asian
"Look, I am so sorry if I seem like I'm preoccupied with my relationship.",-0.996207594871521,-0.7196595072746277,E&SE_Asian
"You know, I'm still your guy in the chair.",0.9946868419647217,0.0,E&SE_Asian
Okay.,-0.9920910596847534,0.0,E&SE_Asian
"Great, great.",0.9985401630401611,0.9459806084632874,E&SE_Asian
It's fine.,0.9859828352928162,0.0,E&SE_Asian
"So, what's the status on the Elemental thing?",-0.9869311451911926,0.0,E&SE_Asian
Where's it gonna happen?,0.9892340898513794,0.0,E&SE_Asian
"Peter, we're here.",0.9941641688346863,0.5292604565620422,E&SE_Asian
"You have to do something, Peter, please.",-0.9964892864227295,0.0,E&SE_Asian
We're all counting on you.,0.99868243932724,0.8109786510467529,E&SE_Asian
Yeah.,-0.9878492951393127,0.0,E&SE_Asian
"Yeah, babe.",0.9971687197685242,0.6353839635848999,E&SE_Asian
"Well, I think this is gonna be culturally enriching for us.",0.998859167098999,0.9709959626197815,E&SE_Asian
"Guys, I think this is gonna be fun.",0.9986879229545593,0.9833676815032959,E&SE_Asian
Seriously.,-0.9942966103553772,0.0,E&SE_Asian
I'll save you a seat.,-0.9960189461708069,0.0,E&SE_Asian
Okay.,-0.9920910596847534,0.0,E&SE_Asian
Be careful.,-0.9963436722755432,0.0,E&SE_Asian
"And Peter, whatever you do, please steer the monster away from the opera house.",-0.9956757426261902,0.0,E&SE_Asian
"Yeah, it's real beautiful, babe.",0.9982098340988159,0.9769549369812012,E&SE_Asian
What's wrong?,-0.9945088028907776,-0.5809808969497681,E&SE_Asian
"You know, honestly, I just I don't do well with big crowds, so maybe we should No, no, no.",-0.9967390894889832,-0.7325399518013,E&SE_Asian
It's a European rip-off version of him.,-0.9994818568229675,-0.5228694081306458,E&SE_Asian
I was actually read about him the other day.,0.9942769408226013,0.0,E&SE_Asian
It's not him.,-0.9994938373565674,0.0,E&SE_Asian
It's Night Night Monkey.,0.9953501224517822,0.0,E&SE_Asian
Night Monkey.,0.9969537258148193,0.0,E&SE_Asian
I might have a mint.,0.9894128441810608,0.5726526975631714,E&SE_Asian
"Peter, oh, my God.",-0.9965338706970215,0.4683370590209961,E&SE_Asian
We almost died.,-0.9966478943824768,-0.7914459705352783,E&SE_Asian
"Dude, the trip's over.",0.9941874742507935,0.0,E&SE_Asian
What?,-0.9977466464042664,0.0,E&SE_Asian
There's monsters coming out of the ground everywhere we go.,-0.9945669174194336,-0.8449432253837585,E&SE_Asian
Of course our parents would want us home.,0.9962837100028992,0.0,E&SE_Asian
We're going home in the morning.,0.9949264526367188,0.0,E&SE_Asian
"Coming, sweetie.",0.996401309967041,0.795444130897522,E&SE_Asian
The costume looks great for the costume party at the prince's castle.,0.998830258846283,0.9787219166755676,E&SE_Asian
That's cool.,0.9970712661743164,0.9388754367828369,E&SE_Asian
But he saved me and Betty's lives.,0.9976257681846619,0.7939125895500183,E&SE_Asian
That's crazy.,-0.9908201098442078,-0.5829373002052307,E&SE_Asian
So you guys were like working the case together or what?,0.8526695370674133,0.0,E&SE_Asian
Got it.,0.9981051683425903,0.0,E&SE_Asian
Easy.,0.9983837604522705,0.0,E&SE_Asian
So you know too.,0.9918258190155029,0.0,E&SE_Asian
It's cool.,0.996659517288208,0.8408125042915344,E&SE_Asian
"I mean, I've known first, and I've known longer, but it's not a competition.",0.9953567385673523,0.0,E&SE_Asian
Is no one else gonna acknowledge how crazy this is?,-0.999346911907196,-0.7960076332092285,E&SE_Asian
"No, no, I'm talking about Peter.",-0.9916344881057739,0.0,E&SE_Asian
Has no one else here noticed how shady he is?,-0.9994838237762451,-0.5772039890289307,E&SE_Asian
"Because I saw him in the back room of a rest stop with some woman in his underwear, and he's always sneaking away, like back at the opera, huh?",-0.9994680285453796,0.0,E&SE_Asian
"And, now what, he's suddenly off the trip, like with his family in Berlin?",-0.9994587302207947,0.0,E&SE_Asian
Is no one else here interested in the truth?,-0.998371422290802,-0.7106732726097107,E&SE_Asian
"No, no, no, it wasn't like that.",-0.9880609512329102,-0.5242852568626404,E&SE_Asian
It was I was trying to take a You're an FOS now.,-0.999419093132019,0.0,E&SE_Asian
"""Friend of Spider-Man.""",0.9959080219268799,0.0,E&SE_Asian
"And you have to remember, just stay calm.",0.9986518025398254,0.5455273985862732,E&SE_Asian
"But it's fake, so, there's nothing to worry about.",-0.9991829991340637,0.0,E&SE_Asian
"Hey, look, it's Mysterio!",0.9939285516738892,0.8629002571105957,E&SE_Asian
He's gonna save us!,0.9903150200843811,0.9348008036613464,E&SE_Asian
Then we're in danger.,-0.9956974983215332,-0.7664973735809326,E&SE_Asian
are we gonna die?,-0.9941510558128357,-0.7233432531356812,E&SE_Asian
"I wasted my life playing video games, and we're gonna die.",-0.997632622718811,-0.9408498406410217,E&SE_Asian
That's a halberd.,-0.9722599387168884,0.0,E&SE_Asian
We broke up.,-0.9987150430679321,0.0,E&SE_Asian
"Men and women grow apart, but the journey they share together will always be a part of them.",0.9982169270515442,0.0,E&SE_Asian
Has a Skrull ever simmed you?,-0.9910282492637634,0.0,E&SE_Asian
Locals on the periphery.,0.9975687861442566,0.0,E&SE_Asian
Maybe a dozen.,0.9928563833236694,0.0,E&SE_Asian
Do you read me?,-0.9670708775520325,0.0,E&SE_Asian
Does anybody copy?,-0.9936307072639465,0.0,E&SE_Asian
"Att-Lass, you getting this?",0.9877443909645081,0.0,E&SE_Asian
Does anybody copy?,-0.9936307072639465,0.0,E&SE_Asian
Once.,-0.9891703724861145,0.0,E&SE_Asian
It's a real shithole.,-0.9993693232536316,-0.9349612593650818,E&SE_Asian
Commander?,0.9236187934875488,0.0,E&SE_Asian
She's still moving.,0.98773193359375,0.0,E&SE_Asian
Permission to fire.,0.9866117238998413,0.0,E&SE_Asian
There's nothing left.,-0.998691737651825,-0.48074060678482056,E&SE_Asian
The core has been destroyed.,-0.9991621971130371,-0.8873584866523743,E&SE_Asian
Load the Flerken onto the Helion.,0.991367757320404,0.0,E&SE_Asian
Eject the others into space.,-0.9983600974082947,0.0,E&SE_Asian
On it.,0.9986853003501892,0.0,E&SE_Asian
Wait.,-0.9978572726249695,0.0,E&SE_Asian
Do we believe this?,0.9971827268600464,0.0,E&SE_Asian
The General asked me to study the specs of old Destroyers.,-0.9755082130432129,0.0,E&SE_Asian
So we can stop the fleet if you find it.,-0.9935639500617981,0.0,E&SE_Asian
When.,0.9727296829223633,0.0,E&SE_Asian
Do you have to say it like that?,-0.9989166259765625,-0.7243481874465942,E&SE_Asian
Listen.,0.9976940751075745,0.0,E&SE_Asian
It's on every frequency.,0.9984897375106812,0.0,E&SE_Asian
Leia made you acting general.,0.9943161606788635,0.0,E&SE_Asian
What now?,-0.995369017124176,0.0,E&SE_Asian
"Finn, where are you?",0.9615849852561951,0.0,E&SE_Asian
The lander's leaving.,-0.9969531297683716,0.0,E&SE_Asian
What?,-0.9977466464042664,0.0,E&SE_Asian
How?,-0.9938355088233948,0.0,E&SE_Asian
Chewie!,0.9982500672340393,0.5982630848884583,E&SE_Asian
I'm not supposed to say anything to you.,-0.9994820952415466,-0.5807022452354431,E&SE_Asian
I-I knew way before MJ did.,-0.9790123105049133,0.0,E&SE_Asian
"I was Spider-Man's ""guy in the chair.""",-0.9965157508850098,0.0,E&SE_Asian
Exactly.,0.9956924319267273,0.0,E&SE_Asian
You would know.,-0.9938544034957886,0.0,E&SE_Asian
I literally helped him find the Vulture.,0.9960357546806335,0.0,E&SE_Asian
And I helped him hack a suit once and kinda helped him get to space.,0.9808288216590881,0.0,E&SE_Asian
I would like to have my words stricken from the record.,-0.9994680285453796,-0.7902682423591614,E&SE_Asian
I'm Ned Leeds.,0.992334246635437,0.0,E&SE_Asian
Spider-Man's best friend.,0.9980819225311279,0.9342966675758362,E&SE_Asian
Finally some privacy.,0.9978607296943665,0.708465039730072,E&SE_Asian
It is so crazy down there.,0.9970988035202026,-0.8071096539497375,E&SE_Asian
"So I was thinking when we get into MIT, we should live together.",0.9954083561897278,0.0,E&SE_Asian
Wicked crime.,-0.9962748289108276,-0.8894849419593811,E&SE_Asian
It'll be like a fresh start.,0.9983447790145874,0.925819993019104,E&SE_Asian
Fresh start.,0.9987021684646606,0.0,E&SE_Asian
Feel like I'm gonna puke.,-0.9953248500823975,-0.8428620100021362,E&SE_Asian
This is our only shot.,-0.9961801767349243,0.0,E&SE_Asian
It's here or nowhere.,-0.9891248941421509,0.0,E&SE_Asian
In light of recent controversy we are unable to consider your application at this time.,-0.9994600415229797,-0.7742670774459839,E&SE_Asian
"Yeah, because we're actually friends with Spider-Man.",0.9953202605247498,0.7881516218185425,E&SE_Asian
Me neither.,-0.9992331266403198,0.0,E&SE_Asian
Although I do need to show this letter to my parents.,0.99348384141922,0.0,E&SE_Asian
The most famous person in the world.,0.9966704249382019,0.8904458284378052,E&SE_Asian
I know.,-0.9771734476089478,0.0,E&SE_Asian
Try not to slip.,0.9956362843513489,0.0,E&SE_Asian
We don't have liability insurance.,-0.9990111589431763,0.0,E&SE_Asian
No.,-0.9983184337615967,0.0,E&SE_Asian
One of the rotunda gateways connects to Siberia.,0.997450053691864,0.0,E&SE_Asian
A blizzard blasted through.,0.9959563612937927,0.0,E&SE_Asian
"That's right, he did, because he forgot I now have higher duties.",-0.995855987071991,0.0,E&SE_Asian
higher duties?,0.9930667877197266,0.0,E&SE_Asian
The Sorcerer Supreme has higher duties.,0.9907581806182861,0.0,E&SE_Asian
Yes.,0.9981922507286072,0.0,E&SE_Asian
You'd burn the place down.,-0.9990931749343872,-0.9141814708709717,E&SE_Asian
"You two, no one said stop shoveling.",-0.9992402791976929,0.0,E&SE_Asian
He will.,0.9971888661384583,0.0,E&SE_Asian
He's very good at forgetting things.,-0.9971177577972412,-0.5656934380531311,E&SE_Asian
What?,-0.9977466464042664,0.0,E&SE_Asian
Seriously?,-0.9986119270324707,0.0,E&SE_Asian
"No, not seriously.",-0.9971842169761658,0.0,E&SE_Asian
That spell travels the dark borders between known and unknown reality.,0.9968324303627014,0.0,E&SE_Asian
It's too dangerous.,-0.9994718432426453,-0.8414579629898071,E&SE_Asian
no.,-0.9984309077262878,0.0,E&SE_Asian
Exactly.,0.9956924319267273,0.0,E&SE_Asian
Just leave me out of this.,-0.9994481205940247,-0.8217150568962097,E&SE_Asian
Fine.,-0.991044282913208,0.4705469608306885,E&SE_Asian
I can't believe I'm in the Sanctum Sanctorum.,-0.9972988963127136,-0.6119734048843384,E&SE_Asian
So how did you know you were a man of magic?,-0.9899652600288391,0.0,E&SE_Asian
"Because my nana says that we have it in our family, and sometimes I get these tinglings in my hands So how did the bad guys get here?",-0.9965207576751709,0.0,E&SE_Asian
You did it with magic?,0.9798755645751953,0.0,E&SE_Asian
The undercroft?,-0.9932428002357483,0.0,E&SE_Asian
Badass.,0.9981085062026978,-0.43795132637023926,E&SE_Asian
"Oh, dude, I don't care.",-0.991186797618866,-0.5122479200363159,E&SE_Asian
It's seriously not a big deal.,-0.994685173034668,0.0,E&SE_Asian
A torture rack.,-0.997515082359314,-0.8601296544075012,E&SE_Asian
Let's catch some multiverse men.,0.9974468946456909,0.0,E&SE_Asian
"Oh, is that a dinosaur?",-0.9939882755279541,0.0,E&SE_Asian
"I mean, you can take the guy out of the chair, but you can't take the chair out of the guy.",-0.9989650249481201,0.0,E&SE_Asian
"A disturbance near a military research facility outside of the city, and witnesses say that they saw a monster flying through the air.",-0.9922317266464233,0.0,E&SE_Asian
Go left!,-0.9459388852119446,0.0,E&SE_Asian
"Left, dude, left!",-0.989663302898407,0.0,E&SE_Asian
Left!,0.9587249159812927,0.0,E&SE_Asian
Go!,0.9970375299453735,0.6627885103225708,E&SE_Asian
Left!,0.9587249159812927,0.0,E&SE_Asian
Yes!,0.9982553124427795,0.7045756578445435,E&SE_Asian
From same universes.,0.9948427081108093,0.0,E&SE_Asian
the dinosaur can talk.,0.984961748123169,0.0,E&SE_Asian
Right Where are we?,-0.9786937236785889,0.0,E&SE_Asian
"Hey, ask him if this is, like, a tree monster or, like, a scientist that turned into a tree.",-0.9990230798721313,0.0,E&SE_Asian
Do you think there are other Ned Leedses?,-0.970214307308197,0.0,E&SE_Asian
"Dude, what are you doing?",-0.9994702935218811,-0.6528003811836243,E&SE_Asian
"Dude, what happened?",-0.9994262456893921,-0.583848237991333,E&SE_Asian
"Yeah, Sure.",-0.7104291915893555,0.0,E&SE_Asian
yeah.,-0.9958617687225342,0.0,E&SE_Asian
Yes.,0.9981922507286072,0.0,E&SE_Asian
Yes.,0.9981922507286072,0.0,E&SE_Asian
"Peter, we're in this together.",0.9987672567367554,0.789797842502594,E&SE_Asian
Okay.,-0.9920910596847534,0.0,E&SE_Asian
see you later.,-0.9405730366706848,0.0,E&SE_Asian
be safe.,0.9979793429374695,0.0,E&SE_Asian
Okay.,-0.9920910596847534,0.0,E&SE_Asian
No.,-0.9983184337615967,0.0,E&SE_Asian
I just wish we could see him.,0.997952938079834,0.0,E&SE_Asian
I just wish we could see him.,0.997952938079834,0.0,E&SE_Asian
Okay.,-0.9920910596847534,0.0,E&SE_Asian
I just wish we could see Peter.,0.9944435954093933,0.0,E&SE_Asian
"Lola, you're right.",0.9890000224113464,0.575708270072937,E&SE_Asian
I am magic.,0.9963094592094421,0.7774845957756042,E&SE_Asian
Peter.,0.9895688891410828,0.0,E&SE_Asian
Peter!,0.9932767152786255,0.7189092636108398,E&SE_Asian
Who the hell are you?,-0.9994437098503113,-0.8991691470146179,E&SE_Asian
This has to be because of the spell.,-0.9975298047065735,0.0,E&SE_Asian
There's no spell.,-0.998548686504364,0.0,E&SE_Asian
No.,-0.9983184337615967,0.0,E&SE_Asian
No spell.,-0.9982506632804871,0.0,E&SE_Asian
"No, it's not real.",-0.9994636178016663,-0.5766268968582153,E&SE_Asian
So I opened the wrong portal to the wrong Peter Parker.,-0.9994200468063354,0.0,E&SE_Asian
Find Peter Parker.,-0.9926907420158386,0.0,E&SE_Asian
Find Peter Parker.,-0.9926907420158386,0.0,E&SE_Asian
Find Peter Parker!,-0.9850273132324219,0.5703072547912598,E&SE_Asian
So do you have a best friend too?,0.9960197806358337,0.0,E&SE_Asian
You did?,0.9976988434791565,0.0,E&SE_Asian
will you run a diagnostic?,-0.9925905466079712,0.0,E&SE_Asian
Peter!,0.9932767152786255,0.7189092636108398,E&SE_Asian
The computer.,0.9968365430831909,0.0,E&SE_Asian
Here's your web cartridges.,0.993074893951416,0.0,E&SE_Asian
That came out of you.,0.9947972893714905,0.0,E&SE_Asian
We could portal there.,0.9802923798561096,0.0,E&SE_Asian
What?,-0.9977466464042664,0.0,E&SE_Asian
I'm magic now.,0.9960229396820068,0.8171308636665344,E&SE_Asian
I got Doctor Strange magic.,0.9949471354484558,0.6097928285598755,E&SE_Asian
"I promise, I won't turn into a supervillain and try to kill you.",0.9423446655273438,-0.5939753651618958,E&SE_Asian
Cure that ass.,-0.99399334192276,-0.785690426826477,E&SE_Asian
"Yeah, I know.",-0.9873514771461487,0.0,E&SE_Asian
No?,-0.9961859583854675,0.0,E&SE_Asian
"I mean, I've opened some.",-0.6199386715888977,0.0,E&SE_Asian
I'm trying to close it.,-0.9989985823631287,0.0,E&SE_Asian
I can't help that it's not working.,-0.9994699358940125,-0.8446189761161804,E&SE_Asian
"all right, We got This.",0.9965115189552307,0.8297737836837769,E&SE_Asian
"Before you do anything, Mister Doctor Strange, sir, Peter's plan is working.",0.9967735409736633,0.5051697492599487,E&SE_Asian
"Yes Yes, sir, I did.",0.99744713306427,0.8059502840042114,E&SE_Asian
You promise?,0.9940892457962036,0.0,E&SE_Asian
I know you will.,0.9976209998130798,0.7199544310569763,E&SE_Asian
"Oh, right, right, right.",-0.9968774318695068,0.0,E&SE_Asian
I should probably know that.,-0.995604395866394,0.0,E&SE_Asian
Look at you with the school spirit.,0.9961044788360596,0.0,E&SE_Asian
"Oh, okay.",-0.9960196614265442,0.0,E&SE_Asian
Rooster we're 20 seconds behind and dropping.,-0.9994614720344543,0.0,E&SE_Asian
Increase to 500 knots.,0.9933943152427673,0.0,E&SE_Asian
Rooster we're late!,-0.997879147529602,-0.6643490195274353,E&SE_Asian
